Metric,Baseline,Tuned,Improvement,Improvement %
R2,0.8132,0.8118281830253385,-0.0013718169746614883,-0.17
MAE,6.6365,6.779684261686906,-0.14318426168690657,-2.16
RMSE,9.4556,9.489123444187944,-0.03352344418794395,-0.35
MAPE,34.28,35.98758138152743,-1.707581381527426,-4.98
