MAE,MSE,RMSE,R2,MAPE
6.6364562578926005,89.40851333517854,9.455607507462359,0.8131550952321942,34.284868288972326
