train_MAE,train_MSE,train_RMSE,train_R2,train_MAPE,test_MAE,test_MSE,test_RMSE,test_R2,test_MAPE
5.499370926417035,60.15063954071977,7.7556843373566835,0.8735981508912161,27.28876152083133,6.6364562578926005,89.40851333517854,9.455607507462359,0.8131550952321942,34.284868288972326
