feature,importance
year,0.8968037023566925
duration_ms,0.01571684688281325
instrumentalness,0.011692579118523002
danceability,0.010288928645056773
loudness,0.00986425646476387
speechiness,0.009433568219042275
acousticness,0.008816496846015195
energy,0.008674065318923646
liveness,0.008452514805352161
tempo,0.008357242228960931
valence,0.007154907947779966
key,0.00329941501272537
explicit,0.0008345201056642829
mode,0.0006109560476868465
